{
  "CCAR 2025 FRB SA": {
    "3M Treasury": -4.300000000000001,
    "5Y Treasury": -3.5999999999999996,
    "10Y Treasury": -3.3,
    "BBB Corp Spread": 3.9,
    "VIX": 37.4,
    "US Equities": -50.0000856174646,
    "US Unemployment": 5.9,
    "US Real GDP": -7.801800000000004,
    "US HPI": -33.436820863086005,
    "US CRE": -30.00323310701585,
    "UK GDP": -4.615499999999995,
    "Eurozone GDP": -5.060699999999995,
    "Japan GDP": -7.677099999999992,
    "Dev. Asia GDP": -0.5264999999999964,
    "USD/EUR": -10.434782608695636,
    "USD/GBP": -10.463258785942497,
    "JPY/USD": -2.541296060991105,
    "D.A./USD": 11.705069124423972
  }
}