{
  "CCAR 2025 (SA)": {
    "Real GDP": -7.801800000000004,
    "Unemployment": 5.9,
    "US Equities": -50.0000856174646,
    "VIX": 37.4,
    "3M Treasury": -430.00000000000006,
    "5Y Treasury": -359.99999999999994,
    "10Y Treasury": -330.0,
    "BBB Corp Spread": 390.0,
    "US HPI": -33.436820863086005,
    "US CRE": -30.00323310701585,
    "UK GDP": -4.615499999999995,
    "Eurozone GDP": -5.060699999999995,
    "Japan GDP": -7.677099999999992,
    "USD/EUR": -10.434782608695636,
    "USD/GBP": -10.463258785942497,
    "JPY/USD": -2.541296060991105
  }
}