{
  "CCAR 2026 Proposed (SA)": {
    "Real GDP": -4.8166999999999955,
    "Unemployment": 5.5,
    "US Equities": -53.547724841668675,
    "VIX": 48.8,
    "3M Treasury": -390.0,
    "5Y Treasury": -250.0,
    "10Y Treasury": -200.0,
    "BBB Corp Spread": 440.00000000000006,
    "US HPI": -28.548745633534445,
    "US CRE": -39.98714239794279,
    "UK GDP": -6.077600000000006,
    "Eurozone GDP": -5.901100000000003,
    "Japan GDP": -6.221100000000002,
    "USD/EUR": -13.013698630136982,
    "USD/GBP": -13.046701260192728,
    "JPY/USD": -0.9797060881735487
  }
}