{
  "CCAR 2026 Proposed FRB SA": {
    "3M Treasury": -3.9,
    "5Y Treasury": -2.5,
    "10Y Treasury": -2.0,
    "BBB Corp Spread": 4.4,
    "VIX": 48.8,
    "US Equities": -53.547724841668675,
    "Unemployment": 5.5,
    "Real GDP": -4.8166999999999955,
    "US HPI": -28.548745633534445,
    "US CRE": -39.98714239794279,
    "UK GDP": -6.077600000000006,
    "Eurozone GDP": -5.901100000000003,
    "Japan GDP": -6.221100000000002,
    "Dev. Asia GDP": 0.14969999999998596,
    "USD/EUR": -13.013698630136982,
    "USD/GBP": -13.046701260192728,
    "JPY/USD": -0.9797060881735487,
    "D.A./USD": 15.018656716417912
  }
}